dataset,method,clf,metric,mean,std,delta,wilcoxon_p,n_fail
Wine_Red,Base,RF,f1_macro,0.36448744662286886,0.038969277349180265,0.0,1.0,0
Wine_Red,Base,RF,gmean,0.0031062327716087855,0.0028176417702307365,0.0,1.0,0
Wine_Red,Base,RF,gmean_strict,0.0,0.0,0.0,1.0,0
Wine_Red,Base,RF,mcc,0.5067337763738375,0.03736285120144015,0.0,1.0,0
Wine_Red,Base,RF,min_recall,0.05277777777777778,0.06538112386633232,0.0,1.0,0
Wine_Red,Base,RF,rare_recall,0.0,0.0,0.0,1.0,0
Wine_Red,GS-0.85,RF,f1_macro,0.3852024597735231,0.03457449692135263,0.029821719211963138,0.083251953125,0
Wine_Red,GS-0.85,RF,gmean,0.12717161129726465,0.17566930833443295,0.04922766385028107,6.103515625e-05,0
Wine_Red,GS-0.85,RF,gmean_strict,0.09518959261235763,0.1907150320500447,0.0,0.10880943004054569,0
Wine_Red,GS-0.85,RF,mcc,0.459946038111229,0.04356472465017347,-0.045920827698089806,6.103515625e-05,0
Wine_Red,GS-0.85,RF,min_recall,0.19722222222222224,0.15772299518420432,0.125,0.007264382942252025,0
Wine_Red,GS-0.85,RF,rare_recall,0.13333333333333333,0.28674417556808757,0.0,0.10247043485974937,0
Wine_Red,Sgeo,RF,f1_macro,0.3801286208814467,0.0318896540654552,0.008313200816292499,0.207763671875,0
Wine_Red,Sgeo,RF,gmean,0.09805650108310325,0.14088929973834877,0.05183388185296406,6.103515625e-05,0
Wine_Red,Sgeo,RF,gmean_strict,0.060509503242365544,0.15429506438968715,0.0,0.17971249487899976,0
Wine_Red,Sgeo,RF,mcc,0.45261269157304707,0.03704724060626533,-0.056617886637926884,6.103515625e-05,0
Wine_Red,Sgeo,RF,min_recall,0.16944444444444443,0.12310288781200188,0.125,0.010909498364269283,0
Wine_Red,Sgeo,RF,rare_recall,0.1,0.20000000000000004,0.0,0.0832645166635504,0
Wine_Red,Scf,RF,f1_macro,0.38846677828721327,0.029750902844840787,0.027168624415974674,0.01025390625,0
Wine_Red,Scf,RF,gmean,0.06819967479002338,0.11246688920533678,0.044077207186574305,6.103515625e-05,0
Wine_Red,Scf,RF,gmean_strict,0.03215470696399066,0.12031189683136716,0.0,0.31731050786291415,0
Wine_Red,Scf,RF,mcc,0.4701154721916571,0.03615326790050718,-0.03572908151958121,6.103515625e-05,0
Wine_Red,Scf,RF,min_recall,0.14166666666666666,0.097182531580755,0.125,0.010515245935858907,0
Wine_Red,Scf,RF,rare_recall,0.06666666666666667,0.16996731711975951,0.0,0.15729920705028502,0
Wine_Red,Sgate,RF,f1_macro,0.400553647470654,0.04497208513504008,0.02011657543568729,0.01507568359375,0
Wine_Red,Sgate,RF,gmean,0.09851647263721423,0.14835869066238264,0.04446407485318394,6.103515625e-05,0
Wine_Red,Sgate,RF,gmean_strict,0.06304698663716361,0.16113601584782253,0.0,0.17971249487899976,0
Wine_Red,Sgate,RF,mcc,0.472555736817699,0.0361987966456361,-0.03170343483292337,0.00018310546875,0
Wine_Red,Sgate,RF,min_recall,0.16666666666666663,0.1536590742882148,0.0,0.01755232593841686,0
Wine_Red,Sgate,RF,rare_recall,0.13333333333333333,0.28674417556808757,0.0,0.10247043485974937,0
Wine_Red,Sgeo-deep,RF,f1_macro,0.38584500919891596,0.032257519232015454,0.017489220534231353,0.072998046875,0
Wine_Red,Sgeo-deep,RF,gmean,0.1352161550702326,0.18092644079012227,0.05089664344252929,6.103515625e-05,0
Wine_Red,Sgeo-deep,RF,gmean_strict,0.0990107694025998,0.19827672543607497,0.0,0.10880943004054569,0
Wine_Red,Sgeo-deep,RF,mcc,0.4469732703255271,0.03082185982790159,-0.057444786907371925,6.103515625e-05,0
Wine_Red,Sgeo-deep,RF,min_recall,0.2111111111111111,0.18350160627681936,0.125,0.00736857462637493,0
Wine_Red,Sgeo-deep,RF,rare_recall,0.16666666666666666,0.2981423969999719,0.0,0.05878172135535886,0
Wine_Red,Scf-deep,RF,f1_macro,0.383178819111384,0.038877200196705514,0.01433551098381941,0.083251953125,0
Wine_Red,Scf-deep,RF,gmean,0.06639871328192598,0.11796055914060766,0.04550848228962588,0.0001220703125,0
Wine_Red,Scf-deep,RF,gmean_strict,0.033327637477476975,0.12470060095132575,0.0,0.31731050786291415,0
Wine_Red,Scf-deep,RF,mcc,0.46389333016798756,0.03187221890903426,-0.032016665684864054,0.0001220703125,0
Wine_Red,Scf-deep,RF,min_recall,0.12222222222222222,0.10808375810190954,0.0,0.025596805385948558,0
Wine_Red,Scf-deep,RF,rare_recall,0.06666666666666667,0.16996731711975951,0.0,0.15729920705028502,0
Wine_Red,Sgate-deep,RF,f1_macro,0.39147291406247925,0.031062665250729756,0.019450131453663144,0.012451171875,0
Wine_Red,Sgate-deep,RF,gmean,0.040593969008660226,0.02180306462804112,0.04709275973894285,6.103515625e-05,0
Wine_Red,Sgate-deep,RF,gmean_strict,0.0,0.0,0.0,1.0,0
Wine_Red,Sgate-deep,RF,mcc,0.4781640655877784,0.035060102686526116,-0.012544525393736128,0.0006103515625,0
Wine_Red,Sgate-deep,RF,min_recall,0.12222222222222222,0.0866915918573735,0.0,0.039359508888249725,0
Wine_Red,Sgate-deep,RF,rare_recall,0.1,0.20000000000000004,0.0,0.0832645166635504,0
Wine_Red,Sgeo-75,RF,f1_macro,0.39502745121745453,0.04625498312355158,0.01767597092077655,0.0301513671875,0
Wine_Red,Sgeo-75,RF,gmean,0.0721786598868893,0.11809729767255425,0.046457796243628745,6.103515625e-05,0
Wine_Red,Sgeo-75,RF,gmean_strict,0.03376908190203355,0.12635233474331806,0.0,0.31731050786291415,0
Wine_Red,Sgeo-75,RF,mcc,0.47061674852910357,0.04890896561655789,-0.04326815796902744,0.00201416015625,0
Wine_Red,Sgeo-75,RF,min_recall,0.1611111111111111,0.12158927015688495,0.125,0.010320738885786614,0
Wine_Red,Sgeo-75,RF,rare_recall,0.1,0.20000000000000004,0.0,0.0832645166635504,0
Wine_Red,Sgate-75,RF,f1_macro,0.39239363999055504,0.04121478115648468,0.02487099995006392,0.04791259765625,0
Wine_Red,Sgate-75,RF,gmean,0.06001927323517156,0.10287941953019052,0.039459395699562014,6.103515625e-05,0
Wine_Red,Sgate-75,RF,gmean_strict,0.02915033983144638,0.10907058435730203,0.0,0.31731050786291415,0
Wine_Red,Sgate-75,RF,mcc,0.47477586235878155,0.04526778618788828,-0.028643631459431496,0.0006103515625,0
Wine_Red,Sgate-75,RF,min_recall,0.11666666666666667,0.10992421631894099,0.0,0.06788915486182899,0
Wine_Red,Sgate-75,RF,rare_recall,0.06666666666666667,0.16996731711975946,0.0,0.15729920705028502,0
Wine_White,Base,RF,f1_macro,0.416745978236056,0.017867652323738464,0.0,1.0,0
Wine_White,Base,RF,gmean,0.011337535517248021,0.000751009525176913,0.0,1.0,0
Wine_White,Base,RF,gmean_strict,0.0,0.0,0.0,1.0,0
Wine_White,Base,RF,mcc,0.5213086992904172,0.018528959164411538,0.0,1.0,0
Wine_White,Base,RF,min_recall,0.0,0.0,0.0,1.0,0
Wine_White,Base,RF,rare_recall,0.0,0.0,0.0,1.0,0
Wine_White,GS-0.85,RF,f1_macro,0.40419389785699517,0.024085459017040088,-0.017940333892634053,0.03533935546875,0
Wine_White,GS-0.85,RF,gmean,0.08803203114818152,0.1413421748899938,0.06686141311434823,6.103515625e-05,0
Wine_White,GS-0.85,RF,gmean_strict,0.04023394413351284,0.1505416342662084,0.0,0.31731050786291415,0
Wine_White,GS-0.85,RF,mcc,0.4720041562352288,0.01912498462920299,-0.04964119985762461,6.103515625e-05,0
Wine_White,GS-0.85,RF,min_recall,0.125,0.18257418583505536,0.125,0.005000169055962822,0
Wine_White,GS-0.85,RF,rare_recall,0.06666666666666667,0.24944382578492943,0.0,0.31731050786291415,0
Wine_White,Sgeo,RF,f1_macro,0.4118631441652526,0.043209911057906045,-0.021400887829883586,0.22930908203125,0
Wine_White,Sgeo,RF,gmean,0.095565036230687,0.14602473815715414,0.06700857829199437,6.103515625e-05,0
Wine_White,Sgeo,RF,gmean_strict,0.04191729426751979,0.15684015372964244,0.0,0.31731050786291415,0
Wine_White,Sgeo,RF,mcc,0.4697778784445319,0.01815783954145485,-0.0527419910333532,6.103515625e-05,0
Wine_White,Sgeo,RF,min_recall,0.15833333333333333,0.20138409955990955,0.125,0.003603793264077752,0
Wine_White,Sgeo,RF,rare_recall,0.13333333333333333,0.339934634239519,0.0,0.15729920705028502,0
Wine_White,Scf,RF,f1_macro,0.4329992018084404,0.041301605886242376,0.0072960585076956574,0.42120361328125,0
Wine_White,Scf,RF,gmean,0.09944923257194557,0.14361373875129002,0.0671930456421354,6.103515625e-05,0
Wine_White,Scf,RF,gmean_strict,0.04167619208120051,0.15593803195323352,0.0,0.31731050786291415,0
Wine_White,Scf,RF,mcc,0.486387872123237,0.018734712548714887,-0.0337826909821517,6.103515625e-05,0
Wine_White,Scf,RF,min_recall,0.175,0.19790570145063194,0.125,0.002524828778914855,0
Wine_White,Scf,RF,rare_recall,0.13333333333333333,0.339934634239519,0.0,0.15729920705028502,0
Wine_White,Sgate,RF,f1_macro,0.4265382412533453,0.024331307681439162,0.011262302834707694,0.389404296875,0
Wine_White,Sgate,RF,gmean,0.09565503059956458,0.1317478180898495,0.06767591474371776,6.103515625e-05,0
Wine_White,Sgate,RF,gmean_strict,0.03840797839328248,0.14370949606627934,0.0,0.31731050786291415,0
Wine_White,Sgate,RF,mcc,0.49221572443326667,0.01665326581306648,-0.029071425823487373,6.103515625e-05,0
Wine_White,Sgate,RF,min_recall,0.14166666666666666,0.15046225071056488,0.125,0.0021721536873098523,0
Wine_White,Sgate,RF,rare_recall,0.06666666666666667,0.24944382578492946,0.0,0.31731050786291415,0
Wine_White,Sgeo-deep,RF,f1_macro,0.39943992852688054,0.027069252403924587,-0.02378598285420691,0.05535888671875,0
Wine_White,Sgeo-deep,RF,gmean,0.0954368810160526,0.14446182001061145,0.06809398971114093,6.103515625e-05,0
Wine_White,Sgeo-deep,RF,gmean_strict,0.04150369538079806,0.15529260839997858,0.0,0.31731050786291415,0
Wine_White,Sgeo-deep,RF,mcc,0.4615271871911163,0.01805833102122491,-0.05682658556538128,6.103515625e-05,0
Wine_White,Sgeo-deep,RF,min_recall,0.16666666666666666,0.20241596335818535,0.125,0.004092057759994976,0
Wine_White,Sgeo-deep,RF,rare_recall,0.13333333333333333,0.339934634239519,0.0,0.15729920705028502,0
Wine_White,Scf-deep,RF,f1_macro,0.4133796655490079,0.01567007390928963,-0.011810768934905402,0.45428466796875,0
Wine_White,Scf-deep,RF,gmean,0.04034706959647324,0.03298233916012551,0.00199105189811603,6.103515625e-05,0
Wine_White,Scf-deep,RF,gmean_strict,0.0,0.0,0.0,1.0,0
Wine_White,Scf-deep,RF,mcc,0.4874744482845393,0.01844435048574592,-0.03421519603099543,6.103515625e-05,0
Wine_White,Scf-deep,RF,min_recall,0.06666666666666667,0.08975274678557507,0.0,0.023140931308743732,0
Wine_White,Scf-deep,RF,rare_recall,0.0,0.0,0.0,1.0,0
Wine_White,Sgate-deep,RF,f1_macro,0.43875683516263175,0.044703475528611356,0.006572521509955687,0.22930908203125,0
Wine_White,Sgate-deep,RF,gmean,0.13296251738047987,0.18725460767016727,0.0681609927799994,6.103515625e-05,0
Wine_White,Sgate-deep,RF,gmean_strict,0.08052400365430691,0.2054599979695035,0.0,0.17971249487899976,0
Wine_White,Sgate-deep,RF,mcc,0.4930790754297129,0.016246593092503994,-0.03198817284348704,6.103515625e-05,0
Wine_White,Sgate-deep,RF,min_recall,0.2,0.22730302828309762,0.125,0.0025380335550052734,0
Wine_White,Sgate-deep,RF,rare_recall,0.2,0.4000000000000001,0.0,0.0832645166635504,0
Wine_White,Sgeo-75,RF,f1_macro,0.40982300620500095,0.029358510567075082,-0.019656242412433744,0.359130859375,0
Wine_White,Sgeo-75,RF,gmean,0.08093088258867118,0.14842260978373606,0.0020998938187177917,6.103515625e-05,0
Wine_White,Sgeo-75,RF,gmean_strict,0.041538391655486,0.15542242997245828,0.0,0.31731050786291415,0
Wine_White,Sgeo-75,RF,mcc,0.47532686329852575,0.013671842484277425,-0.04438529513639922,6.103515625e-05,0
Wine_White,Sgeo-75,RF,min_recall,0.125,0.2091650066335189,0.0,0.014058605323737277,0
Wine_White,Sgeo-75,RF,rare_recall,0.13333333333333333,0.3399346342395189,0.0,0.15729920705028502,0
Wine_White,Sgate-75,RF,f1_macro,0.43102042409610086,0.021281430146413625,0.008928321880384671,0.02557373046875,0
Wine_White,Sgate-75,RF,gmean,0.035717995778656614,0.03195521387011613,0.0020368493050852247,6.103515625e-05,0
Wine_White,Sgate-75,RF,gmean_strict,0.0,0.0,0.0,1.0,0
Wine_White,Sgate-75,RF,mcc,0.5068299463749144,0.016935004935401614,-0.015048124100686344,0.00201416015625,0
Wine_White,Sgate-75,RF,min_recall,0.05,0.07637626158259735,0.0,0.03389485352468927,0
Wine_White,Sgate-75,RF,rare_recall,0.0,0.0,0.0,1.0,0
ecoli,Base,RF,f1_macro,0.7600414752623021,0.1082201646988697,0.0,1.0,0
ecoli,Base,RF,gmean,0.6592237486574335,0.2194040596106154,0.0,1.0,0
ecoli,Base,RF,gmean_strict,0.6591570819907668,0.21960411371904756,0.0,1.0,0
ecoli,Base,RF,mcc,0.5505871405729402,0.1989445580224261,0.0,1.0,0
ecoli,Base,RF,min_recall,0.4952380952380952,0.2204921314817186,0.0,1.0,0
ecoli,Base,RF,rare_recall,0.4952380952380952,0.2204921314817186,0.0,1.0,0
ecoli,GS-0.85,RF,f1_macro,0.7806881423568548,0.053400853382666216,-0.021269841269841216,0.97796630859375,0
ecoli,GS-0.85,RF,gmean,0.8386902620362994,0.08747861758225178,0.09793304820882709,0.00030517578125,0
ecoli,GS-0.85,RF,gmean_strict,0.8386902620362994,0.08747861758225178,0.09793304820882709,0.00030517578125,0
ecoli,GS-0.85,RF,mcc,0.5871937899196547,0.10616663125488837,-0.006464081280640799,0.93408203125,0
ecoli,GS-0.85,RF,min_recall,0.780952380952381,0.16385381461033574,0.2857142857142857,0.0009368642614279025,0
ecoli,GS-0.85,RF,rare_recall,0.780952380952381,0.16385381461033574,0.2857142857142857,0.0009368642614279025,0
ecoli,Sgeo,RF,f1_macro,0.7792437559281613,0.042634862249913134,-0.009468626342566289,0.97796630859375,0
ecoli,Sgeo,RF,gmean,0.8632124742632368,0.0655313435324033,0.12691620891942546,0.00030517578125,0
ecoli,Sgeo,RF,gmean_strict,0.8632124742632368,0.0655313435324033,0.12691620891942546,0.00030517578125,0
ecoli,Sgeo,RF,mcc,0.5971325062832349,0.07366580363879395,-0.003672831814983901,0.846923828125,0
ecoli,Sgeo,RF,min_recall,0.8380952380952381,0.13669238185149835,0.2857142857142857,0.0008286783627653281,0
ecoli,Sgeo,RF,rare_recall,0.8380952380952381,0.13669238185149835,0.2857142857142857,0.0008286783627653281,0
ecoli,Scf,RF,f1_macro,0.7952153647220951,0.038205052296050014,0.020440113700301854,0.4263416753832534,0
ecoli,Scf,RF,gmean,0.8502953921148632,0.058390099395614244,0.1431819074707117,0.0009824399697558976,0
ecoli,Scf,RF,gmean_strict,0.8502953921148632,0.058390099395614244,0.1431819074707117,0.0009824399697558976,0
ecoli,Scf,RF,mcc,0.6121306595131953,0.06967423368482178,0.06252659712246955,0.5319644366832486,0
ecoli,Scf,RF,min_recall,0.7904761904761904,0.1150766283199483,0.2857142857142857,0.0009177563828903422,0
ecoli,Scf,RF,rare_recall,0.7904761904761904,0.1150766283199483,0.2857142857142857,0.0009177563828903422,0
ecoli,Sgate,RF,f1_macro,0.7911754767108021,0.04666063601272217,0.003488831430007888,0.638671875,0
ecoli,Sgate,RF,gmean,0.842606148054022,0.08876106946787302,0.13508671269647332,0.0001220703125,0
ecoli,Sgate,RF,gmean_strict,0.842606148054022,0.08876106946787302,0.13508671269647332,0.0001220703125,0
ecoli,Sgate,RF,mcc,0.6049301718416731,0.09944683027973758,0.020177845116481685,0.638671875,0
ecoli,Sgate,RF,min_recall,0.780952380952381,0.17195685795493132,0.2857142857142857,0.0008750712299984151,0
ecoli,Sgate,RF,rare_recall,0.780952380952381,0.17195685795493132,0.2857142857142857,0.0008750712299984151,0
ecoli,Sgeo-deep,RF,f1_macro,0.7760605348974698,0.05371164103009196,-0.0315851996348675,0.76153564453125,0
ecoli,Sgeo-deep,RF,gmean,0.8687505172269414,0.07209075488008956,0.12870699608635083,0.0001220703125,0
ecoli,Sgeo-deep,RF,gmean_strict,0.8687505172269414,0.07209075488008956,0.12870699608635083,0.0001220703125,0
ecoli,Sgeo-deep,RF,mcc,0.5974258188556691,0.09643537091908398,-0.03740650752947833,1.0,0
ecoli,Sgeo-deep,RF,min_recall,0.8571428571428571,0.1475422227126635,0.2857142857142857,0.0005912650237009975,0
ecoli,Sgeo-deep,RF,rare_recall,0.8571428571428571,0.1475422227126635,0.2857142857142857,0.0005912650237009975,0
ecoli,Scf-deep,RF,f1_macro,0.7919227000223399,0.03632289402667974,-0.0016764595919993575,0.5699052889537048,0
ecoli,Scf-deep,RF,gmean,0.8533543886195971,0.05724779526092812,0.1368021908605892,0.0009824399697558976,0
ecoli,Scf-deep,RF,gmean_strict,0.8533543886195971,0.05724779526092812,0.1368021908605892,0.0009824399697558976,0
ecoli,Scf-deep,RF,mcc,0.6083115540170888,0.06651094966107439,0.027565467240573516,0.5319644366832486,0
ecoli,Scf-deep,RF,min_recall,0.8,0.11428571428571427,0.2857142857142857,0.0008803319779676569,0
ecoli,Scf-deep,RF,rare_recall,0.8,0.11428571428571427,0.2857142857142857,0.0008803319779676569,0
ecoli,Sgate-deep,RF,f1_macro,0.7971609977078796,0.044760966723431515,0.02318761384335155,0.30279541015625,0
ecoli,Sgate-deep,RF,gmean,0.8355904729729612,0.09131337319776577,0.1431819074707117,0.00042724609375,0
ecoli,Sgate-deep,RF,gmean_strict,0.8355904729729612,0.09131337319776577,0.1431819074707117,0.00042724609375,0
ecoli,Sgate-deep,RF,mcc,0.6131095475157143,0.0913589107235607,0.06252659712246955,0.30279541015625,0
ecoli,Sgate-deep,RF,min_recall,0.7619047619047618,0.170367083999984,0.2857142857142857,0.0013029604919163537,0
ecoli,Sgate-deep,RF,rare_recall,0.7619047619047618,0.170367083999984,0.2857142857142857,0.0013029604919163537,0
ecoli,Sgeo-75,RF,f1_macro,0.770481664678009,0.04472544336932871,-0.004759319488347846,0.846923828125,0
ecoli,Sgeo-75,RF,gmean,0.8561155054695458,0.0676461328989723,0.14152166804067268,0.00018310546875,0
ecoli,Sgeo-75,RF,gmean_strict,0.8561155054695458,0.0676461328989723,0.14152166804067268,0.00018310546875,0
ecoli,Sgeo-75,RF,mcc,0.579828658744124,0.08229230047399079,-0.006464081280640799,0.846923828125,0
ecoli,Sgeo-75,RF,min_recall,0.8285714285714285,0.13997084244475305,0.2857142857142857,0.0009123455961962468,0
ecoli,Sgeo-75,RF,rare_recall,0.8285714285714285,0.13997084244475305,0.2857142857142857,0.0009123455961962468,0
ecoli,Sgate-75,RF,f1_macro,0.7784124887059053,0.060323734599008555,0.020206267893399965,0.5994873046875,0
ecoli,Sgate-75,RF,gmean,0.8086356930517531,0.11388653397396635,0.114652817175252,0.0001220703125,0
ecoli,Sgate-75,RF,gmean_strict,0.8086356930517531,0.11388653397396635,0.114652817175252,0.0001220703125,0
ecoli,Sgate-75,RF,mcc,0.5784793549960946,0.12139581312240146,0.018214170013795883,0.803955078125,0
ecoli,Sgate-75,RF,min_recall,0.7238095238095237,0.19840634910475863,0.1428571428571429,0.0009286427138582953,0
ecoli,Sgate-75,RF,rare_recall,0.7238095238095237,0.19840634910475863,0.1428571428571429,0.0009286427138582953,0
us_crime,Base,RF,f1_macro,0.7084774678032361,0.04130936732102765,0.0,1.0,0
us_crime,Base,RF,gmean,0.5766990953400791,0.06990517026567641,0.0,1.0,0
us_crime,Base,RF,gmean_strict,0.5766990953400791,0.06990517026567641,0.0,1.0,0
us_crime,Base,RF,mcc,0.45415438711818024,0.0750128686226957,0.0,1.0,0
us_crime,Base,RF,min_recall,0.3422222222222222,0.08385761006272537,0.0,1.0,0
us_crime,Base,RF,rare_recall,0.3422222222222222,0.08385761006272537,0.0,1.0,0
us_crime,GS-0.85,RF,f1_macro,0.7474032547056064,0.029245232184511746,0.058714733314997436,0.0042724609375,0
us_crime,GS-0.85,RF,gmean,0.7411953499917422,0.04877356600980556,0.16725510199775973,6.103515625e-05,0
us_crime,GS-0.85,RF,gmean_strict,0.7411953499917422,0.04877356600980556,0.16725510199775973,6.103515625e-05,0
us_crime,GS-0.85,RF,mcc,0.4996522048268541,0.057464538311605695,0.04985013769416885,0.0301513671875,0
us_crime,GS-0.85,RF,min_recall,0.58,0.07774602526460399,0.23333333333333334,0.0006305443037266362,0
us_crime,GS-0.85,RF,rare_recall,0.58,0.07774602526460399,0.23333333333333334,0.0006305443037266362,0
us_crime,Sgeo,RF,f1_macro,0.7214038128355899,0.025764586880485156,0.017318026012007492,0.48870849609375,0
us_crime,Sgeo,RF,gmean,0.8284205445075371,0.03810334385843636,0.24537607274944084,6.103515625e-05,0
us_crime,Sgeo,RF,gmean_strict,0.8284205445075371,0.03810334385843636,0.24537607274944084,6.103515625e-05,0
us_crime,Sgeo,RF,mcc,0.4891799694518219,0.044435081118672594,0.04232847431078102,0.207763671875,0
us_crime,Sgeo,RF,min_recall,0.768888888888889,0.08116436607888747,0.4333333333333333,0.0006516660806139112,0
us_crime,Sgeo,RF,rare_recall,0.768888888888889,0.08116436607888747,0.4333333333333333,0.0006516660806139112,0
us_crime,Scf,RF,f1_macro,0.7448944715249304,0.03146519601809966,0.03731504136274477,0.02557373046875,0
us_crime,Scf,RF,gmean,0.8025773503930339,0.04249027330203683,0.2372789060298086,6.103515625e-05,0
us_crime,Scf,RF,gmean_strict,0.8025773503930339,0.04249027330203683,0.2372789060298086,6.103515625e-05,0
us_crime,Scf,RF,mcc,0.511083541837888,0.057861665404600256,0.06290533526840392,0.01806640625,0
us_crime,Scf,RF,min_recall,0.6977777777777778,0.07931808132255445,0.36666666666666664,0.0006451158437926242,0
us_crime,Scf,RF,rare_recall,0.6977777777777778,0.07931808132255445,0.36666666666666664,0.0006451158437926242,0
us_crime,Sgate,RF,f1_macro,0.7471091070377778,0.029715925483977976,0.03872120740591323,0.01025390625,0
us_crime,Sgate,RF,gmean,0.7957932981593198,0.036115277632165356,0.21986349558591234,6.103515625e-05,0
us_crime,Sgate,RF,gmean_strict,0.7957932981593198,0.036115277632165356,0.21986349558591234,6.103515625e-05,0
us_crime,Sgate,RF,mcc,0.5116876161273468,0.0525285825918689,0.05339065466917109,0.02154541015625,0
us_crime,Sgate,RF,min_recall,0.6822222222222222,0.06762277357645753,0.3333333333333333,0.0006418578334382444,0
us_crime,Sgate,RF,rare_recall,0.6822222222222222,0.06762277357645753,0.3333333333333333,0.0006418578334382444,0
us_crime,Sgeo-deep,RF,f1_macro,0.7180170118746313,0.03172319506753668,0.010770975056689336,0.5614013671875,0
us_crime,Sgeo-deep,RF,gmean,0.8300602435176627,0.04101378027670193,0.25664843535875825,6.103515625e-05,0
us_crime,Sgeo-deep,RF,gmean_strict,0.8300602435176627,0.04101378027670193,0.25664843535875825,6.103515625e-05,0
us_crime,Sgeo-deep,RF,mcc,0.4857220486067732,0.05528823341845158,0.03085620202250139,0.1876220703125,0
us_crime,Sgeo-deep,RF,min_recall,0.7755555555555557,0.08207193472275286,0.4333333333333334,0.0006500242387180628,0
us_crime,Sgeo-deep,RF,rare_recall,0.7755555555555557,0.08207193472275286,0.4333333333333334,0.0006500242387180628,0
us_crime,Scf-deep,RF,f1_macro,0.7399126306473482,0.02925802032483134,0.03371435082620389,0.05535888671875,0
us_crime,Scf-deep,RF,gmean,0.8068409353029723,0.03857186848756062,0.23333993361298466,6.103515625e-05,0
us_crime,Scf-deep,RF,gmean_strict,0.8068409353029723,0.03857186848756062,0.23333993361298466,6.103515625e-05,0
us_crime,Scf-deep,RF,mcc,0.5046849704750704,0.052893733860095826,0.05913230665968505,0.05535888671875,0
us_crime,Scf-deep,RF,min_recall,0.7088888888888888,0.0735014907046277,0.36666666666666664,0.0006467491225764764,0
us_crime,Scf-deep,RF,rare_recall,0.7088888888888888,0.0735014907046277,0.36666666666666664,0.0006467491225764764,0
us_crime,Sgate-deep,RF,f1_macro,0.7474980813848437,0.030399871539626047,0.04385833241198012,0.02557373046875,0
us_crime,Sgate-deep,RF,gmean,0.7992246554879192,0.036943170771684394,0.2441075725075742,6.103515625e-05,0
us_crime,Sgate-deep,RF,gmean_strict,0.7992246554879192,0.036943170771684394,0.2441075725075742,6.103515625e-05,0
us_crime,Sgate-deep,RF,mcc,0.5135430993064536,0.054248041672272006,0.04835560160637725,0.02557373046875,0
us_crime,Sgate-deep,RF,min_recall,0.6888888888888887,0.06849348892187754,0.36666666666666664,0.0006353759378356659,0
us_crime,Sgate-deep,RF,rare_recall,0.6888888888888887,0.06849348892187754,0.36666666666666664,0.0006353759378356659,0
us_crime,Sgeo-75,RF,f1_macro,0.719743493487164,0.03206846053557701,0.017420988635788004,0.52447509765625,0
us_crime,Sgeo-75,RF,gmean,0.8097616653609044,0.03609984761691285,0.2502114453536123,6.103515625e-05,0
us_crime,Sgeo-75,RF,gmean_strict,0.8097616653609044,0.03609984761691285,0.2502114453536123,6.103515625e-05,0
us_crime,Sgeo-75,RF,mcc,0.4776459419724436,0.0531802830394007,-0.008914955366068067,0.48870849609375,0
us_crime,Sgeo-75,RF,min_recall,0.728888888888889,0.0687094437055125,0.39999999999999997,0.0006500242387180628,0
us_crime,Sgeo-75,RF,rare_recall,0.728888888888889,0.0687094437055125,0.39999999999999997,0.0006500242387180628,0
us_crime,Sgate-75,RF,f1_macro,0.7482270328854439,0.02430459283117005,0.045783750050579886,0.02154541015625,0
us_crime,Sgate-75,RF,gmean,0.7833648666115328,0.04438293887039674,0.18513614366111697,6.103515625e-05,0
us_crime,Sgate-75,RF,gmean_strict,0.7833648666115328,0.04438293887039674,0.18513614366111697,6.103515625e-05,0
us_crime,Sgate-75,RF,mcc,0.5098372639588051,0.046959003127395926,0.054181174000529464,0.041259765625,0
us_crime,Sgate-75,RF,min_recall,0.6577777777777776,0.08207193472275284,0.33333333333333326,0.0006451158437926242,0
us_crime,Sgate-75,RF,rare_recall,0.6577777777777776,0.08207193472275284,0.33333333333333326,0.0006451158437926242,0
oil,Base,RF,f1_macro,0.6741336397683148,0.08403206710260698,0.0,1.0,0
oil,Base,RF,gmean,0.4829179020324845,0.13385799891440817,0.0,1.0,0
oil,Base,RF,gmean_strict,0.4829179020324845,0.13385799891440817,0.0,1.0,0
oil,Base,RF,mcc,0.4297023511896574,0.1494466179075093,0.0,1.0,0
oil,Base,RF,min_recall,0.2518518518518518,0.14325244152454603,0.0,1.0,0
oil,Base,RF,rare_recall,0.2518518518518518,0.14325244152454603,0.0,1.0,0
oil,GS-0.85,RF,f1_macro,0.7918955400666582,0.06169719149430343,0.10166166415884148,0.00018310546875,0
oil,GS-0.85,RF,gmean,0.7383705610492682,0.08506303470195363,0.25369449948128214,6.103515625e-05,0
oil,GS-0.85,RF,gmean_strict,0.7383705610492682,0.08506303470195363,0.25369449948128214,6.103515625e-05,0
oil,GS-0.85,RF,mcc,0.591578109125919,0.12724790364623897,0.16255806595960465,0.00335693359375,0
oil,GS-0.85,RF,min_recall,0.5601851851851852,0.1278649729329929,0.25,0.0006130456955211334,0
oil,GS-0.85,RF,rare_recall,0.5601851851851852,0.1278649729329929,0.25,0.0006130456955211334,0
oil,Sgeo,RF,f1_macro,0.7561116444252769,0.05426401144197554,0.09255548373195432,0.00115966796875,0
oil,Sgeo,RF,gmean,0.791230445595697,0.08827557816333935,0.27635580245170743,6.103515625e-05,0
oil,Sgeo,RF,gmean_strict,0.791230445595697,0.08827557816333935,0.27635580245170743,6.103515625e-05,0
oil,Sgeo,RF,mcc,0.5270122418422872,0.10972899511075095,0.11338121247387983,0.01806640625,0
oil,Sgeo,RF,min_recall,0.6583333333333333,0.14792807728549273,0.375,0.0005912650237009975,0
oil,Sgeo,RF,rare_recall,0.6583333333333333,0.14792807728549273,0.375,0.0005912650237009975,0
oil,Scf,RF,f1_macro,0.7847265438855754,0.055691010456319544,0.10900885817783323,0.0009847668593688057,0
oil,Scf,RF,gmean,0.7640634693064674,0.07157917352569004,0.28084834558493676,0.0006533107814151377,0
oil,Scf,RF,gmean_strict,0.7640634693064674,0.07157917352569004,0.28084834558493676,0.0006533107814151377,0
oil,Scf,RF,mcc,0.5768700735264332,0.10864958773776634,0.14337648072851356,0.003136868903120215,0
oil,Scf,RF,min_recall,0.6018518518518517,0.112795869132156,0.375,0.0005912650237009975,0
oil,Scf,RF,rare_recall,0.6018518518518517,0.112795869132156,0.375,0.0005912650237009975,0
oil,Sgate,RF,f1_macro,0.7911842664488907,0.062112923045091646,0.1277007006389086,6.103515625e-05,0
oil,Sgate,RF,gmean,0.7740720413964655,0.07517369411960984,0.2816863306679174,6.103515625e-05,0
oil,Sgate,RF,gmean_strict,0.7740720413964655,0.07517369411960984,0.2816863306679174,6.103515625e-05,0
oil,Sgate,RF,mcc,0.5885102690557521,0.12401312708328578,0.16255806595960465,0.00042724609375,0
oil,Sgate,RF,min_recall,0.6175925925925926,0.11662991778659577,0.375,0.0005581332264257344,0
oil,Sgate,RF,rare_recall,0.6175925925925926,0.11662991778659577,0.375,0.0005581332264257344,0
oil,Sgeo-deep,RF,f1_macro,0.7408882341692793,0.04437868137170832,0.07054052272725886,0.01025390625,0
oil,Sgeo-deep,RF,gmean,0.7984080057341775,0.07231049032230284,0.31856733347383,6.103515625e-05,0
oil,Sgeo-deep,RF,gmean_strict,0.7984080057341775,0.07231049032230284,0.31856733347383,6.103515625e-05,0
oil,Sgeo-deep,RF,mcc,0.503925412633757,0.08734813188712512,0.0806417786010099,0.083251953125,0
oil,Sgeo-deep,RF,min_recall,0.674074074074074,0.13135753155945679,0.4444444444444444,0.0006036441981334313,0
oil,Sgeo-deep,RF,rare_recall,0.674074074074074,0.13135753155945679,0.4444444444444444,0.0006036441981334313,0
oil,Scf-deep,RF,f1_macro,0.7818743773219956,0.052844360475240576,0.1277007006389086,0.0009847668593688057,0
oil,Scf-deep,RF,gmean,0.7677739159624897,0.07557619634287914,0.2786053200958356,0.0006533107814151377,0
oil,Scf-deep,RF,gmean_strict,0.7677739159624897,0.07557619634287914,0.2786053200958356,0.0006533107814151377,0
oil,Scf-deep,RF,mcc,0.5716121262235018,0.10378603477261336,0.16255806595960465,0.0014665230830596743,0
oil,Scf-deep,RF,min_recall,0.6092592592592593,0.12021357308975913,0.375,0.0005805787842419943,0
oil,Scf-deep,RF,rare_recall,0.6092592592592593,0.12021357308975913,0.375,0.0005805787842419943,0
oil,Sgate-deep,RF,f1_macro,0.790491458701294,0.05675225468756791,0.11236186997360176,0.0001220703125,0
oil,Sgate-deep,RF,gmean,0.7798399432903385,0.06375658264775898,0.28614041988472794,6.103515625e-05,0
oil,Sgate-deep,RF,gmean_strict,0.7798399432903385,0.06375658264775898,0.28614041988472794,6.103515625e-05,0
oil,Sgate-deep,RF,mcc,0.5862404485845226,0.11271190506716107,0.17611591460138348,0.00030517578125,0
oil,Sgate-deep,RF,min_recall,0.625925925925926,0.10262334075924008,0.375,0.000522079666826204,0
oil,Sgate-deep,RF,rare_recall,0.625925925925926,0.10262334075924008,0.375,0.000522079666826204,0
oil,Sgeo-75,RF,f1_macro,0.7645727111195703,0.05319328519394218,0.07830552985886896,0.0006103515625,0
oil,Sgeo-75,RF,gmean,0.7884780740679911,0.07955935312812817,0.2772067159576074,6.103515625e-05,0
oil,Sgeo-75,RF,gmean_strict,0.7884780740679911,0.07955935312812817,0.2772067159576074,6.103515625e-05,0
oil,Sgeo-75,RF,mcc,0.5416919877329186,0.10704418063607064,0.1150318824409517,0.01507568359375,0
oil,Sgeo-75,RF,min_recall,0.65,0.1387221221020419,0.375,0.0005640585502400774,0
oil,Sgeo-75,RF,rare_recall,0.65,0.1387221221020419,0.375,0.0005640585502400774,0
oil,Sgate-75,RF,f1_macro,0.7743014553993774,0.06769288818720237,0.10166166415884148,0.0001220703125,0
oil,Sgate-75,RF,gmean,0.7298519223604103,0.09241938177807404,0.2505141802245042,6.103515625e-05,0
oil,Sgate-75,RF,gmean_strict,0.7298519223604103,0.09241938177807404,0.2505141802245042,6.103515625e-05,0
oil,Sgate-75,RF,mcc,0.5541593896510998,0.13853078216298237,0.10577057640357168,0.0008544921875,0
oil,Sgate-75,RF,min_recall,0.5509259259259259,0.1363345356985627,0.25,0.0005507877407366578,0
oil,Sgate-75,RF,rare_recall,0.5509259259259259,0.1363345356985627,0.25,0.0005507877407366578,0
car_eval_4,Base,RF,f1_macro,0.9517358837276758,0.03717290900303583,0.0,1.0,0
car_eval_4,Base,RF,gmean,0.9146528151554227,0.06520021908783065,0.0,1.0,0
car_eval_4,Base,RF,gmean_strict,0.9146528151554227,0.06520021908783065,0.0,1.0,0
car_eval_4,Base,RF,mcc,0.90945365444011,0.06575374063287924,0.0,1.0,0
car_eval_4,Base,RF,min_recall,0.8410256410256413,0.11398005523534806,0.0,1.0,0
car_eval_4,Base,RF,rare_recall,0.8410256410256413,0.11398005523534806,0.0,1.0,0
car_eval_4,GS-0.85,RF,f1_macro,0.9636616255741276,0.026026016771884333,0.0,0.09154126548897694,0
car_eval_4,GS-0.85,RF,gmean,0.9352574996658044,0.045244735301962574,0.0,0.09154126548897694,0
car_eval_4,GS-0.85,RF,gmean_strict,0.9352574996658044,0.045244735301962574,0.0,0.09154126548897694,0
car_eval_4,GS-0.85,RF,mcc,0.9304607094360317,0.04858088854506677,0.0,0.16742137180281957,0
car_eval_4,GS-0.85,RF,min_recall,0.8769230769230771,0.08332347081677909,0.0,0.10344383808220092,0
car_eval_4,GS-0.85,RF,rare_recall,0.8769230769230771,0.08332347081677909,0.0,0.10344383808220092,0
car_eval_4,Sgeo,RF,f1_macro,0.9822620317993869,0.01586844719913198,0.023893274436924017,0.006395825971507905,0
car_eval_4,Sgeo,RF,gmean,0.9960847346301064,0.009898721306770409,0.07862662913039009,0.00079744385109149,0
car_eval_4,Sgeo,RF,gmean_strict,0.9960847346301064,0.009898721306770409,0.07862662913039009,0.00079744385109149,0
car_eval_4,Sgeo,RF,mcc,0.9653841080405419,0.03069831955169572,0.04505990959705086,0.006395825971507905,0
car_eval_4,Sgeo,RF,min_recall,0.9948717948717949,0.01918798659884071,0.15384615384615385,0.0008646135762983328,0
car_eval_4,Sgeo,RF,rare_recall,0.9948717948717949,0.01918798659884071,0.15384615384615385,0.0008646135762983328,0
car_eval_4,Scf,RF,f1_macro,0.9822620317993869,0.01586844719913198,0.023893274436924017,0.006395825971507905,0
car_eval_4,Scf,RF,gmean,0.9960847346301064,0.009898721306770409,0.07862662913039009,0.00079744385109149,0
car_eval_4,Scf,RF,gmean_strict,0.9960847346301064,0.009898721306770409,0.07862662913039009,0.00079744385109149,0
car_eval_4,Scf,RF,mcc,0.9653841080405419,0.03069831955169572,0.04505990959705086,0.006395825971507905,0
car_eval_4,Scf,RF,min_recall,0.9948717948717949,0.01918798659884071,0.15384615384615385,0.0008646135762983328,0
car_eval_4,Scf,RF,rare_recall,0.9948717948717949,0.01918798659884071,0.15384615384615385,0.0008646135762983328,0
car_eval_4,Sgate,RF,f1_macro,0.9906988045428501,0.012707603342015074,0.023893274436924017,0.0009777972510080595,0
car_eval_4,Sgate,RF,gmean,0.994156568622896,0.019867128476114167,0.078631158541563,0.00077617248693006,0
car_eval_4,Sgate,RF,gmean_strict,0.994156568622896,0.019867128476114167,0.078631158541563,0.00077617248693006,0
car_eval_4,Sgate,RF,mcc,0.9818661713407223,0.024618062286598512,0.04505990959705086,0.0009777972510080595,0
car_eval_4,Sgate,RF,min_recall,0.9897435897435898,0.03837597319768144,0.15384615384615385,0.0008620124372906324,0
car_eval_4,Sgate,RF,rare_recall,0.9897435897435898,0.03837597319768144,0.15384615384615385,0.0008620124372906324,0
car_eval_4,Sgeo-deep,RF,f1_macro,0.9822620317993869,0.01586844719913198,0.023893274436924017,0.006395825971507905,0
car_eval_4,Sgeo-deep,RF,gmean,0.9960847346301064,0.009898721306770409,0.07862662913039009,0.00079744385109149,0
car_eval_4,Sgeo-deep,RF,gmean_strict,0.9960847346301064,0.009898721306770409,0.07862662913039009,0.00079744385109149,0
car_eval_4,Sgeo-deep,RF,mcc,0.9653841080405419,0.03069831955169572,0.04505990959705086,0.006395825971507905,0
car_eval_4,Sgeo-deep,RF,min_recall,0.9948717948717949,0.01918798659884071,0.15384615384615385,0.0008646135762983328,0
car_eval_4,Sgeo-deep,RF,rare_recall,0.9948717948717949,0.01918798659884071,0.15384615384615385,0.0008646135762983328,0
car_eval_4,Scf-deep,RF,f1_macro,0.9822620317993869,0.01586844719913198,0.023893274436924017,0.006395825971507905,0
car_eval_4,Scf-deep,RF,gmean,0.9960847346301064,0.009898721306770409,0.07862662913039009,0.00079744385109149,0
car_eval_4,Scf-deep,RF,gmean_strict,0.9960847346301064,0.009898721306770409,0.07862662913039009,0.00079744385109149,0
car_eval_4,Scf-deep,RF,mcc,0.9653841080405419,0.03069831955169572,0.04505990959705086,0.006395825971507905,0
car_eval_4,Scf-deep,RF,min_recall,0.9948717948717949,0.01918798659884071,0.15384615384615385,0.0008646135762983328,0
car_eval_4,Scf-deep,RF,rare_recall,0.9948717948717949,0.01918798659884071,0.15384615384615385,0.0008646135762983328,0
car_eval_4,Sgate-deep,RF,f1_macro,0.9906988045428501,0.012707603342015074,0.023893274436924017,0.0009777972510080595,0
car_eval_4,Sgate-deep,RF,gmean,0.994156568622896,0.019867128476114167,0.078631158541563,0.00077617248693006,0
car_eval_4,Sgate-deep,RF,gmean_strict,0.994156568622896,0.019867128476114167,0.078631158541563,0.00077617248693006,0
car_eval_4,Sgate-deep,RF,mcc,0.9818661713407223,0.024618062286598512,0.04505990959705086,0.0009777972510080595,0
car_eval_4,Sgate-deep,RF,min_recall,0.9897435897435898,0.03837597319768144,0.15384615384615385,0.0008620124372906324,0
car_eval_4,Sgate-deep,RF,rare_recall,0.9897435897435898,0.03837597319768144,0.15384615384615385,0.0008620124372906324,0
car_eval_4,Sgeo-75,RF,f1_macro,0.982088003809366,0.01637829869827995,0.023893274436924017,0.002600355528314682,0
car_eval_4,Sgeo-75,RF,gmean,0.9935732954739803,0.013480661257733643,0.07862662913039009,0.0007954938859458877,0
car_eval_4,Sgeo-75,RF,gmean_strict,0.9935732954739803,0.013480661257733643,0.07862662913039009,0.0007954938859458877,0
car_eval_4,Sgeo-75,RF,mcc,0.9648852662671832,0.03213901739397734,0.04505990959705086,0.002600355528314682,0
car_eval_4,Sgeo-75,RF,min_recall,0.9897435897435898,0.026148818018424527,0.15384615384615385,0.0008568260572129962,0
car_eval_4,Sgeo-75,RF,rare_recall,0.9897435897435898,0.026148818018424527,0.15384615384615385,0.0008568260572129962,0
car_eval_4,Sgate-75,RF,f1_macro,0.9854500787265414,0.013641815086342334,0.022416288468920076,0.0017777457157059891,0
car_eval_4,Sgate-75,RF,gmean,0.988724349831228,0.022528339618995794,0.04090271182272298,0.0007954938859458877,0
car_eval_4,Sgate-75,RF,gmean_strict,0.988724349831228,0.022528339618995794,0.04090271182272298,0.0007954938859458877,0
car_eval_4,Sgate-75,RF,mcc,0.9716519817381516,0.026384378728022524,0.042217256915643264,0.0017777457157059891,0
car_eval_4,Sgate-75,RF,min_recall,0.9794871794871796,0.044114488548936535,0.07692307692307698,0.0008698317746701861,0
car_eval_4,Sgate-75,RF,rare_recall,0.9794871794871796,0.044114488548936535,0.07692307692307698,0.0008698317746701861,0
yeast_me2,Base,RF,f1_macro,0.6023998074456178,0.06305873792294281,0.0,1.0,0
yeast_me2,Base,RF,gmean,0.3378581575754997,0.15008500677772507,0.0,1.0,0
yeast_me2,Base,RF,gmean_strict,0.33772517318166867,0.15038357178469866,0.0,1.0,0
yeast_me2,Base,RF,mcc,0.28282061387789975,0.16037078859476492,0.0,1.0,0
yeast_me2,Base,RF,min_recall,0.136969696969697,0.07872724939930137,0.0,1.0,0
yeast_me2,Base,RF,rare_recall,0.136969696969697,0.07872724939930137,0.0,1.0,0
yeast_me2,GS-0.85,RF,f1_macro,0.6690776544335705,0.04356740480930974,0.05949418516073335,0.00335693359375,0
yeast_me2,GS-0.85,RF,gmean,0.6382523847955077,0.11289101595914874,0.26227593692282336,6.103515625e-05,0
yeast_me2,GS-0.85,RF,gmean_strict,0.6382523847955077,0.11289101595914874,0.26227593692282336,6.103515625e-05,0
yeast_me2,GS-0.85,RF,mcc,0.35092937206530805,0.08978902366173817,0.030119845603468254,0.27685546875,0
yeast_me2,GS-0.85,RF,min_recall,0.43575757575757573,0.15293156130311328,0.30000000000000004,0.0006451158437926242,0
yeast_me2,GS-0.85,RF,rare_recall,0.43575757575757573,0.15293156130311328,0.30000000000000004,0.0006451158437926242,0
yeast_me2,Sgeo,RF,f1_macro,0.6837782918922846,0.04795087538843486,0.08651601118280094,0.00537109375,0
yeast_me2,Sgeo,RF,gmean,0.774002608827961,0.10142114839466052,0.3790022628978388,6.103515625e-05,0
yeast_me2,Sgeo,RF,gmean_strict,0.774002608827961,0.10142114839466052,0.3790022628978388,6.103515625e-05,0
yeast_me2,Sgeo,RF,mcc,0.4069875570435774,0.10313901281259462,0.12434182230011787,0.0301513671875,0
yeast_me2,Sgeo,RF,min_recall,0.6454545454545453,0.16201214116323975,0.5,0.0006434854148379288,0
yeast_me2,Sgeo,RF,rare_recall,0.6454545454545453,0.16201214116323975,0.5,0.0006434854148379288,0
yeast_me2,Scf,RF,f1_macro,0.6954174662099323,0.04644886190889075,0.1148047702862891,0.00262451171875,0
yeast_me2,Scf,RF,gmean,0.7199359909269641,0.09141919748492514,0.31114030037819296,6.103515625e-05,0
yeast_me2,Scf,RF,gmean_strict,0.7199359909269641,0.09141919748492514,0.31114030037819296,6.103515625e-05,0
yeast_me2,Scf,RF,mcc,0.4073080242605318,0.09615841379984556,0.15700837913949256,0.0301513671875,0
yeast_me2,Scf,RF,min_recall,0.547878787878788,0.13696701525934693,0.39999999999999997,0.0006434854148379288,0
yeast_me2,Scf,RF,rare_recall,0.547878787878788,0.13696701525934693,0.39999999999999997,0.0006434854148379288,0
yeast_me2,Sgate,RF,f1_macro,0.7069422725538971,0.05168996021273986,0.12974956078404354,0.00152587890625,0
yeast_me2,Sgate,RF,gmean,0.7448366853201805,0.10176790602456706,0.3717685211039842,6.103515625e-05,0
yeast_me2,Sgate,RF,gmean_strict,0.7448366853201805,0.10176790602456706,0.3717685211039842,6.103515625e-05,0
yeast_me2,Sgate,RF,mcc,0.432697482664587,0.1074289665337688,0.18881913514151927,0.01507568359375,0
yeast_me2,Sgate,RF,min_recall,0.5878787878787878,0.15054233149544508,0.4,0.0006500242387180628,0
yeast_me2,Sgate,RF,rare_recall,0.5878787878787878,0.15054233149544508,0.4,0.0006500242387180628,0
yeast_me2,Sgeo-deep,RF,f1_macro,0.6766349337078263,0.04503607927247843,0.09802606344949483,0.00836181640625,0
yeast_me2,Sgeo-deep,RF,gmean,0.794033802610011,0.09719893802798846,0.41710019446647106,6.103515625e-05,0
yeast_me2,Sgeo-deep,RF,gmean_strict,0.794033802610011,0.09719893802798846,0.41710019446647106,6.103515625e-05,0
yeast_me2,Sgeo-deep,RF,mcc,0.40579616408929126,0.09604188785386611,0.13228137417502325,0.05535888671875,0
yeast_me2,Sgeo-deep,RF,min_recall,0.6854545454545454,0.16827761399515037,0.5,0.0006467491225764764,0
yeast_me2,Sgeo-deep,RF,rare_recall,0.6854545454545454,0.16827761399515037,0.5,0.0006467491225764764,0
yeast_me2,Scf-deep,RF,f1_macro,0.7000160410128567,0.041225322761869444,0.12580431448355978,0.00115966796875,0
yeast_me2,Scf-deep,RF,gmean,0.7379268933095092,0.08219673484383778,0.31114030037819296,6.103515625e-05,0
yeast_me2,Scf-deep,RF,gmean_strict,0.7379268933095092,0.08219673484383778,0.31114030037819296,6.103515625e-05,0
yeast_me2,Scf-deep,RF,mcc,0.4194701150517215,0.08577079344869842,0.12475153165307762,0.02557373046875,0
yeast_me2,Scf-deep,RF,min_recall,0.5745454545454546,0.12972528719467555,0.39999999999999997,0.0006418578334382444,0
yeast_me2,Scf-deep,RF,rare_recall,0.5745454545454546,0.12972528719467555,0.39999999999999997,0.0006418578334382444,0
yeast_me2,Sgate-deep,RF,f1_macro,0.7135035088240103,0.05503238446296,0.12580431448355978,0.0008544921875,0
yeast_me2,Sgate-deep,RF,gmean,0.7611757629688712,0.10028334954783043,0.37327246795997815,6.103515625e-05,0
yeast_me2,Sgate-deep,RF,gmean_strict,0.7611757629688712,0.10028334954783043,0.37327246795997815,6.103515625e-05,0
yeast_me2,Sgate-deep,RF,mcc,0.4476310380498815,0.1135635210594179,0.18306805400991838,0.02154541015625,0
yeast_me2,Sgate-deep,RF,min_recall,0.6133333333333333,0.15466543174200637,0.49999999999999994,0.0006353759378356659,0
yeast_me2,Sgate-deep,RF,rare_recall,0.6133333333333333,0.15466543174200637,0.49999999999999994,0.0006353759378356659,0
yeast_me2,Sgeo-75,RF,f1_macro,0.6901593304891959,0.03823481129429651,0.09451588996904847,0.00152587890625,0
yeast_me2,Sgeo-75,RF,gmean,0.7706888325807921,0.08245012530792016,0.3750739934165975,6.103515625e-05,0
yeast_me2,Sgeo-75,RF,gmean_strict,0.7706888325807921,0.08245012530792016,0.3750739934165975,6.103515625e-05,0
yeast_me2,Sgeo-75,RF,mcc,0.4139067284390899,0.08280210069043015,0.13265244165058931,0.0301513671875,0
yeast_me2,Sgeo-75,RF,min_recall,0.6333333333333333,0.13449903649195238,0.5,0.000619369408779174,0
yeast_me2,Sgeo-75,RF,rare_recall,0.6333333333333333,0.13449903649195238,0.5,0.000619369408779174,0
yeast_me2,Sgate-75,RF,f1_macro,0.7147240805245713,0.04449299951273385,0.13609319980715606,0.0006103515625,0
yeast_me2,Sgate-75,RF,gmean,0.7113547436304096,0.08714810434527535,0.3151410916303482,6.103515625e-05,0
yeast_me2,Sgate-75,RF,gmean_strict,0.7113547436304096,0.08714810434527535,0.3151410916303482,6.103515625e-05,0
yeast_me2,Sgate-75,RF,mcc,0.4383825015905473,0.09120320773808,0.20505089086824102,0.012451171875,0
yeast_me2,Sgate-75,RF,min_recall,0.5290909090909091,0.12741118010373734,0.39999999999999997,0.0006467491225764764,0
yeast_me2,Sgate-75,RF,rare_recall,0.5290909090909091,0.12741118010373734,0.39999999999999997,0.0006467491225764764,0
ozone_level,Base,RF,f1_macro,0.5007248504983839,0.02148820569521211,0.0,1.0,0
ozone_level,Base,RF,gmean,0.0352924402818582,0.08743110273447534,0.0,1.0,0
ozone_level,Base,RF,gmean_strict,0.034426518632954824,0.08777074514725114,0.0,1.0,0
ozone_level,Base,RF,mcc,0.02863121796673235,0.08869483184818314,0.0,1.0,0
ozone_level,Base,RF,min_recall,0.008888888888888889,0.02266230894930126,0.0,1.0,0
ozone_level,Base,RF,rare_recall,0.008888888888888889,0.02266230894930126,0.0,1.0,0
ozone_level,GS-0.85,RF,f1_macro,0.6561575182356906,0.04428286572605424,0.1436423154316847,0.0006533107814151377,0
ozone_level,GS-0.85,RF,gmean,0.6881615617005005,0.10140533589097837,0.6402382280135354,0.0006533107814151377,0
ozone_level,GS-0.85,RF,gmean_strict,0.6881615617005005,0.10140533589097837,0.6412372132999306,0.0006533107814151377,0
ozone_level,GS-0.85,RF,mcc,0.3365272815734428,0.09343185698717293,0.310710433943512,0.0006533107814151377,0
ozone_level,GS-0.85,RF,min_recall,0.506031746031746,0.14284091618601674,0.5333333333333333,0.0006402330973173942,0
ozone_level,GS-0.85,RF,rare_recall,0.506031746031746,0.14284091618601674,0.5333333333333333,0.0006402330973173942,0
ozone_level,Sgeo,RF,f1_macro,0.6359707296522247,0.03231683880860976,0.135863988988989,6.103515625e-05,0
ozone_level,Sgeo,RF,gmean,0.7783113596871114,0.07339253952022184,0.7667212622263506,6.103515625e-05,0
ozone_level,Sgeo,RF,gmean_strict,0.7783113596871114,0.07339253952022184,0.7677202475127458,6.103515625e-05,0
ozone_level,Sgeo,RF,mcc,0.33982235156073065,0.07153989933437972,0.3423722318144746,6.103515625e-05,0
ozone_level,Sgeo,RF,min_recall,0.660952380952381,0.12323677043521382,0.6428571428571429,0.0006386112041971715,0
ozone_level,Sgeo,RF,rare_recall,0.660952380952381,0.12323677043521382,0.6428571428571429,0.0006386112041971715,0
ozone_level,Scf,RF,f1_macro,0.662699858571714,0.046749790395576134,0.1558736710361781,6.103515625e-05,0
ozone_level,Scf,RF,gmean,0.738269586686695,0.09038182700895776,0.7276028402054937,6.103515625e-05,0
ozone_level,Scf,RF,gmean_strict,0.738269586686695,0.09038182700895776,0.7286018254918889,6.103515625e-05,0
ozone_level,Scf,RF,mcc,0.3614191860129355,0.09806030014221163,0.3222694662627447,6.103515625e-05,0
ozone_level,Scf,RF,min_recall,0.5822222222222222,0.14049331794071712,0.5714285714285714,0.0006451158437926242,0
ozone_level,Scf,RF,rare_recall,0.5822222222222222,0.14049331794071712,0.5714285714285714,0.0006451158437926242,0
ozone_level,Sgate,RF,f1_macro,0.6571291666549856,0.03912814337437558,0.14366101948777188,0.0006533107814151377,0
ozone_level,Sgate,RF,gmean,0.7403864511461973,0.0852237775921954,0.6916163656413552,0.0006533107814151377,0
ozone_level,Sgate,RF,gmean_strict,0.7403864511461973,0.0852237775921954,0.6926153509277504,0.0006533107814151377,0
ozone_level,Sgate,RF,mcc,0.3539272553544364,0.08526097138412561,0.30329245175517905,0.0006533107814151377,0
ozone_level,Sgate,RF,min_recall,0.5866666666666666,0.13498075224618633,0.5714285714285714,0.0006451158437926242,0
ozone_level,Sgate,RF,rare_recall,0.5866666666666666,0.13498075224618633,0.5714285714285714,0.0006451158437926242,0
ozone_level,Sgeo-deep,RF,f1_macro,0.6223781971565187,0.032608730761525706,0.11682428434405523,6.103515625e-05,0
ozone_level,Sgeo-deep,RF,gmean,0.780084127184481,0.08501306077802198,0.7658705292141719,6.103515625e-05,0
ozone_level,Sgeo-deep,RF,gmean_strict,0.780084127184481,0.08501306077802198,0.7668705292141719,6.103515625e-05,0
ozone_level,Sgeo-deep,RF,mcc,0.32374898254919315,0.07647672337210165,0.30380360587095573,6.103515625e-05,0
ozone_level,Sgeo-deep,RF,min_recall,0.6742857142857144,0.14388834169342365,0.6428571428571429,0.000636992151797346,0
ozone_level,Sgeo-deep,RF,rare_recall,0.6742857142857144,0.14388834169342365,0.6428571428571429,0.000636992151797346,0
ozone_level,Scf-deep,RF,f1_macro,0.6556511617704349,0.046982052949643416,0.15164302362926418,6.103515625e-05,0
ozone_level,Scf-deep,RF,gmean,0.7368091668093099,0.11000290274681342,0.6872084216594577,6.103515625e-05,0
ozone_level,Scf-deep,RF,gmean_strict,0.7368091668093099,0.11000290274681342,0.6882084216594577,6.103515625e-05,0
ozone_level,Scf-deep,RF,mcc,0.35160107766630266,0.10506391683446391,0.3156394193393271,6.103515625e-05,0
ozone_level,Scf-deep,RF,min_recall,0.5863492063492064,0.16944055978596,0.5714285714285714,0.0006483852534615971,0
ozone_level,Scf-deep,RF,rare_recall,0.5863492063492064,0.16944055978596,0.5714285714285714,0.0006483852534615971,0
ozone_level,Sgate-deep,RF,f1_macro,0.6521215407911415,0.04136278518645228,0.14264498742364362,0.0006533107814151377,0
ozone_level,Sgate-deep,RF,gmean,0.7334730875139326,0.09108419737169114,0.6879448674792226,0.0006533107814151377,0
ozone_level,Sgate-deep,RF,gmean_strict,0.7334730875139326,0.09108419737169114,0.6889448674792226,0.0006533107814151377,0
ozone_level,Sgate-deep,RF,mcc,0.34446549715784386,0.08961547314035498,0.30329245175517905,0.0006533107814151377,0
ozone_level,Sgate-deep,RF,min_recall,0.5777777777777778,0.138795887229836,0.5,0.0006289394206546052,0
ozone_level,Sgate-deep,RF,rare_recall,0.5777777777777778,0.138795887229836,0.5,0.0006289394206546052,0
ozone_level,Sgeo-75,RF,f1_macro,0.6406685403042894,0.03877261463735907,0.13212086453692296,6.103515625e-05,0
ozone_level,Sgeo-75,RF,gmean,0.7423884022632549,0.08801812010064886,0.7291909262356538,6.103515625e-05,0
ozone_level,Sgeo-75,RF,gmean_strict,0.7423884022632549,0.08801812010064886,0.7301909262356538,0.0006533107814151377,0
ozone_level,Sgeo-75,RF,mcc,0.33184200748577836,0.08545087492932657,0.310710433943512,6.103515625e-05,0
ozone_level,Sgeo-75,RF,min_recall,0.5968253968253968,0.13962119865237776,0.5714285714285714,0.0006434854148379288,0
ozone_level,Sgeo-75,RF,rare_recall,0.5968253968253968,0.13962119865237776,0.5714285714285714,0.0006434854148379288,0
ozone_level,Sgate-75,RF,f1_macro,0.6696822741507995,0.04884314798909385,0.1746826987307949,6.103515625e-05,0
ozone_level,Sgate-75,RF,gmean,0.6794719361249235,0.09193983851911956,0.6702252754418386,6.103515625e-05,0
ozone_level,Sgate-75,RF,gmean_strict,0.6794719361249235,0.09193983851911956,0.6712242586647582,6.103515625e-05,0
ozone_level,Sgate-75,RF,mcc,0.35362785109537614,0.09920653276645092,0.35254629180008745,6.103515625e-05,0
ozone_level,Sgate-75,RF,min_recall,0.48698412698412696,0.12068670567707813,0.4666666666666667,0.000636992151797346,0
ozone_level,Sgate-75,RF,rare_recall,0.48698412698412696,0.12068670567707813,0.4666666666666667,0.000636992151797346,0
mammography,Base,RF,f1_macro,0.8303181580247575,0.03174878411808027,0.0,1.0,0
mammography,Base,RF,gmean,0.7310582959160155,0.05579168170265666,0.0,1.0,0
mammography,Base,RF,gmean_strict,0.7310582959160155,0.05579168170265666,0.0,1.0,0
mammography,Base,RF,mcc,0.6852118416208179,0.05225445685522467,0.0,1.0,0
mammography,Base,RF,min_recall,0.5384615384615384,0.08128649991870439,0.0,1.0,0
mammography,Base,RF,rare_recall,0.5384615384615384,0.08128649991870439,0.0,1.0,0
mammography,GS-0.85,RF,f1_macro,0.7665289201557013,0.026026465503674566,-0.06512741471730465,6.103515625e-05,0
mammography,GS-0.85,RF,gmean,0.861943485202453,0.03573177471991112,0.12329996040644697,6.103515625e-05,0
mammography,GS-0.85,RF,gmean_strict,0.861943485202453,0.03573177471991112,0.12329996040644697,6.103515625e-05,0
mammography,GS-0.85,RF,mcc,0.5585847646198413,0.05073822878584091,-0.1382095615774741,6.103515625e-05,0
mammography,GS-0.85,RF,min_recall,0.7628205128205129,0.06148501952965024,0.23076923076923073,0.0006467491225764764,0
mammography,GS-0.85,RF,rare_recall,0.7628205128205129,0.06148501952965024,0.23076923076923073,0.0006467491225764764,0
mammography,Sgeo,RF,f1_macro,0.7620445276514473,0.024365732401897426,-0.0666680404960367,6.103515625e-05,0
mammography,Sgeo,RF,gmean,0.8946441264947538,0.03232374256945301,0.15422846067956464,6.103515625e-05,0
mammography,Sgeo,RF,gmean_strict,0.8946441264947538,0.03232374256945301,0.15422846067956464,6.103515625e-05,0
mammography,Sgeo,RF,mcc,0.5632487485553462,0.04700942739642331,-0.12827063646368986,6.103515625e-05,0
mammography,Sgeo,RF,min_recall,0.8256410256410257,0.05810394458269055,0.2692307692307693,0.0006516660806139112,0
mammography,Sgeo,RF,rare_recall,0.8256410256410257,0.05810394458269055,0.2692307692307693,0.0006516660806139112,0
mammography,Scf,RF,f1_macro,0.7886723316904345,0.02760841693472222,-0.043996316993349605,0.00030517578125,0
mammography,Scf,RF,gmean,0.8842915453455987,0.04358840826800759,0.1470057697711541,6.103515625e-05,0
mammography,Scf,RF,gmean_strict,0.8842915453455987,0.04358840826800759,0.1470057697711541,6.103515625e-05,0
mammography,Scf,RF,mcc,0.6010751692550496,0.056102163398402634,-0.08704257890481204,0.00030517578125,0
mammography,Scf,RF,min_recall,0.8012820512820512,0.077136456187135,0.25,0.000636992151797346,0
mammography,Scf,RF,rare_recall,0.8012820512820512,0.077136456187135,0.25,0.000636992151797346,0
mammography,Sgate,RF,f1_macro,0.7905352188570964,0.031281868953854854,-0.0367379714226761,0.00262451171875,0
mammography,Sgate,RF,gmean,0.8770563765425741,0.041360867048626994,0.13743312266326702,6.103515625e-05,0
mammography,Sgate,RF,gmean_strict,0.8770563765425741,0.041360867048626994,0.13743312266326702,6.103515625e-05,0
mammography,Sgate,RF,mcc,0.6018574781851852,0.06113857218901913,-0.08254344615115305,0.00042724609375,0
mammography,Sgate,RF,min_recall,0.7871794871794872,0.07245574949202457,0.25,0.0006451158437926242,0
mammography,Sgate,RF,rare_recall,0.7871794871794872,0.07245574949202457,0.25,0.0006451158437926242,0
mammography,Sgeo-deep,RF,f1_macro,0.7483755385965777,0.02085355663836487,-0.08120931593391245,6.103515625e-05,0
mammography,Sgeo-deep,RF,gmean,0.8987504838302995,0.03520410351571942,0.1670313149555146,6.103515625e-05,0
mammography,Sgeo-deep,RF,gmean_strict,0.8987504838302995,0.03520410351571942,0.1670313149555146,6.103515625e-05,0
mammography,Sgeo-deep,RF,mcc,0.5444987976169279,0.0421904800530779,-0.14515444324255333,6.103515625e-05,0
mammography,Sgeo-deep,RF,min_recall,0.8371794871794872,0.0643073651486382,0.28846153846153844,0.0006386112041971715,0
mammography,Sgeo-deep,RF,rare_recall,0.8371794871794872,0.0643073651486382,0.28846153846153844,0.0006386112041971715,0
mammography,Scf-deep,RF,f1_macro,0.7851615894841614,0.026965274987033293,-0.0462763463638276,0.00030517578125,0
mammography,Scf-deep,RF,gmean,0.8822039399094546,0.037314753300954316,0.1413115707853605,6.103515625e-05,0
mammography,Scf-deep,RF,gmean_strict,0.8822039399094546,0.037314753300954316,0.1413115707853605,6.103515625e-05,0
mammography,Scf-deep,RF,mcc,0.5946726865866111,0.05325580012113552,-0.09999759857995516,0.0001220703125,0
mammography,Scf-deep,RF,min_recall,0.7974358974358976,0.06582306488714583,0.25,0.000636992151797346,0
mammography,Scf-deep,RF,rare_recall,0.7974358974358976,0.06582306488714583,0.25,0.000636992151797346,0
mammography,Sgate-deep,RF,f1_macro,0.7926208398953075,0.03182298728696781,-0.03526675043392524,0.00262451171875,0
mammography,Sgate-deep,RF,gmean,0.8792292248697612,0.042841126790243676,0.14581938474662925,6.103515625e-05,0
mammography,Sgate-deep,RF,gmean_strict,0.8792292248697612,0.042841126790243676,0.14581938474662925,6.103515625e-05,0
mammography,Sgate-deep,RF,mcc,0.6058841138514944,0.06237929178685207,-0.0814785462172054,0.0006103515625,0
mammography,Sgate-deep,RF,min_recall,0.7910256410256411,0.0742705043997961,0.25,0.0006500242387180628,0
mammography,Sgate-deep,RF,rare_recall,0.7910256410256411,0.0742705043997961,0.25,0.0006500242387180628,0
mammography,Sgeo-75,RF,f1_macro,0.7718859327466494,0.021091973749416012,-0.05982732266239321,6.103515625e-05,0
mammography,Sgeo-75,RF,gmean,0.8957662520210596,0.03244664898851463,0.1478665927634989,6.103515625e-05,0
mammography,Sgeo-75,RF,gmean_strict,0.8957662520210596,0.03244664898851463,0.1478665927634989,6.103515625e-05,0
mammography,Sgeo-75,RF,mcc,0.5785871677125435,0.042148465285744306,-0.10610177808432752,6.103515625e-05,0
mammography,Sgeo-75,RF,min_recall,0.8256410256410257,0.058946481705500764,0.2692307692307693,0.0006386112041971715,0
mammography,Sgeo-75,RF,rare_recall,0.8256410256410257,0.058946481705500764,0.2692307692307693,0.0006386112041971715,0
mammography,Sgate-75,RF,f1_macro,0.8138673735017005,0.03032985558575753,-0.023365675891328985,0.0946044921875,0
mammography,Sgate-75,RF,gmean,0.87347631851444,0.042894239148505445,0.12878921443606284,6.103515625e-05,0
mammography,Sgate-75,RF,gmean_strict,0.87347631851444,0.042894239148505445,0.12878921443606284,6.103515625e-05,0
mammography,Sgate-75,RF,mcc,0.639280568940379,0.060895338627318024,-0.05289940108726665,0.01806640625,0
mammography,Sgate-75,RF,min_recall,0.7769230769230767,0.07391556566871578,0.23076923076923073,0.0006500242387180628,0
mammography,Sgate-75,RF,rare_recall,0.7769230769230767,0.07391556566871578,0.23076923076923073,0.0006500242387180628,0
abalone_19,Base,RF,f1_macro,0.4980774283899283,0.00014658603291515718,0.0,1.0,0
abalone_19,Base,RF,gmean,0.0010000000000000005,2.168404344971009e-19,0.0,1.0,0
abalone_19,Base,RF,gmean_strict,0.0,0.0,0.0,1.0,0
abalone_19,Base,RF,mcc,0.0,0.0,0.0,1.0,0
abalone_19,Base,RF,min_recall,0.0,0.0,0.0,1.0,0
abalone_19,Base,RF,rare_recall,0.0,0.0,0.0,1.0,0
abalone_19,GS-0.85,RF,f1_macro,0.5197597994314054,0.03075474683416035,-0.001815933237450107,0.1876220703125,0
abalone_19,GS-0.85,RF,gmean,0.19172767480428896,0.20691276752394352,-3.6253895776292098e-06,0.17276173970412612,0
abalone_19,GS-0.85,RF,gmean_strict,0.19119817683519066,0.20740088266824963,0.0,0.017960477526078766,0
abalone_19,GS-0.85,RF,mcc,0.044673457751687524,0.06504831460537974,-0.007237635705669481,0.1876220703125,0
abalone_19,GS-0.85,RF,min_recall,0.08095238095238094,0.09233675918888246,0.0,0.016351221575805885,0
abalone_19,GS-0.85,RF,rare_recall,0.08095238095238094,0.09233675918888246,0.0,0.016351221575805885,0
abalone_19,Sgeo,RF,f1_macro,0.5084632654447987,0.01938787189874647,-0.004257679848231055,0.1725017917887105,0
abalone_19,Sgeo,RF,gmean,0.20053559020746714,0.2175079117750944,-8.479862356069621e-06,0.1725017917887105,0
abalone_19,Sgeo,RF,gmean_strict,0.20000897581777285,0.2179910645715292,0.0,0.017960477526078766,0
abalone_19,Sgeo,RF,mcc,0.02999743389719889,0.050401347119880355,-0.011992227639357863,0.1725017917887105,0
abalone_19,Sgeo,RF,min_recall,0.09047619047619046,0.10476190476190476,0.0,0.016747647603186942,0
abalone_19,Sgeo,RF,rare_recall,0.09047619047619046,0.10476190476190476,0.0,0.016747647603186942,0
abalone_19,Scf,RF,f1_macro,0.5097116960291629,0.022993107160455783,-0.003033874755836663,0.7763811150102832,0
abalone_19,Scf,RF,gmean,0.13953820757342472,0.19867671821833413,-6.049662295000034e-06,0.7763371993702398,0
abalone_19,Scf,RF,gmean_strict,0.1388762629799386,0.199138333973643,0.0,0.043114446783075355,0
abalone_19,Scf,RF,mcc,0.02504808454807645,0.05281778510986139,-0.009366371637111062,0.7763811150102832,0
abalone_19,Scf,RF,min_recall,0.06031746031746031,0.09071258452209237,0.0,0.04122683333716367,0
abalone_19,Scf,RF,rare_recall,0.06031746031746031,0.09071258452209237,0.0,0.04122683333716367,0
abalone_19,Sgate,RF,f1_macro,0.5139329787024992,0.02187149083592093,-0.0024241685247120004,0.1725017917887105,0
abalone_19,Sgate,RF,gmean,0.17913892241311155,0.19067544914417284,-4.836787728209951e-06,0.17224166445158062,0
abalone_19,Sgate,RF,gmean_strict,0.1786094640913462,0.19117011835921519,0.0,0.01775592261403605,0
abalone_19,Sgate,RF,mcc,0.03336970476124657,0.047904422868934836,-0.00836740130803855,0.1725017917887105,0
abalone_19,Sgate,RF,min_recall,0.06984126984126984,0.0750241415752157,0.0,0.013874405883025447,0
abalone_19,Sgate,RF,rare_recall,0.06984126984126984,0.0750241415752157,0.0,0.013874405883025447,0
abalone_19,Sgeo-deep,RF,f1_macro,0.507593447353518,0.019286387258589218,-0.004871821487952455,0.1876220703125,0
abalone_19,Sgeo-deep,RF,gmean,0.19851635278263402,0.21561954402994427,-9.697198772913194e-06,0.17276173970412612,0
abalone_19,Sgeo-deep,RF,gmean_strict,0.197991412808016,0.2161004716730504,0.0,0.017960477526078766,0
abalone_19,Sgeo-deep,RF,mcc,0.028785028480405137,0.049274539208901735,-0.011890945821950057,0.1876220703125,0
abalone_19,Sgeo-deep,RF,min_recall,0.08888888888888886,0.10377116907099145,0.0,0.016747647603186942,0
abalone_19,Sgeo-deep,RF,rare_recall,0.08888888888888886,0.10377116907099145,0.0,0.016747647603186942,0
abalone_19,Scf-deep,RF,f1_macro,0.5042563338245073,0.016869333210530968,-0.003339281143841022,0.7330123826118418,0
abalone_19,Scf-deep,RF,gmean,0.1042962325500311,0.17151196513035405,-6.656654924253784e-06,0.7328566152664366,0
abalone_19,Scf-deep,RF,gmean_strict,0.10356786325661066,0.17195066898842845,0.0,0.06788915486182899,0
abalone_19,Scf-deep,RF,mcc,0.012897271277457652,0.03931841121088904,-0.009829492522775348,0.7330123826118418,0
abalone_19,Scf-deep,RF,min_recall,0.04126984126984127,0.06871384387909003,0.0,0.0633177868300456,0
abalone_19,Scf-deep,RF,rare_recall,0.04126984126984127,0.06871384387909003,0.0,0.0633177868300456,0
abalone_19,Sgate-deep,RF,f1_macro,0.5098304925247918,0.022644228133612457,-0.0027288374389960457,0.7763811150102832,0
abalone_19,Sgate-deep,RF,gmean,0.1295705848158854,0.18203956532595547,-5.443040122137975e-06,0.7763371993702398,0
abalone_19,Sgate-deep,RF,gmean_strict,0.1289090487296959,0.18250682314817637,0.0,0.043114446783075355,0
abalone_19,Sgate-deep,RF,mcc,0.023313934400786177,0.048720179533411775,-0.008880339941183275,0.7763811150102832,0
abalone_19,Sgate-deep,RF,min_recall,0.050793650793650794,0.07214805191976832,0.0,0.03843393023678171,0
abalone_19,Sgate-deep,RF,rare_recall,0.050793650793650794,0.07214805191976832,0.0,0.03843393023678171,0
abalone_19,Sgeo-75,RF,f1_macro,0.5064716645356107,0.018351889278914117,-0.005179507612909251,0.3940551055463808,0
abalone_19,Sgeo-75,RF,gmean,0.15386431477284254,0.18743827152424633,-1.0306428483743786e-05,0.3940551055463808,0
abalone_19,Sgeo-75,RF,gmean_strict,0.15327159855684344,0.18792169790531024,0.0,0.027281171477617997,0
abalone_19,Sgeo-75,RF,mcc,0.02057032906411158,0.042292311222735024,-0.012264396111346701,0.3940551055463808,0
abalone_19,Sgeo-75,RF,min_recall,0.06031746031746032,0.0742137760480061,0.0,0.023140931308743732,0
abalone_19,Sgeo-75,RF,rare_recall,0.06031746031746032,0.0742137760480061,0.0,0.023140931308743732,0
abalone_19,Sgate-75,RF,f1_macro,0.5116436068580932,0.02740061476600885,-0.0015123655353085352,0.7332196494460775,0
abalone_19,Sgate-75,RF,gmean,0.10495666622753043,0.17257938637707124,-3.0202424763372485e-06,0.733064244578898,0
abalone_19,Sgate-75,RF,gmean_strict,0.10422708464775736,0.17301888729057813,0.0,0.06788915486182899,0
abalone_19,Sgate-75,RF,mcc,0.02460116496430566,0.05607501100989873,-0.0071278121409203725,0.7332196494460775,0
abalone_19,Sgate-75,RF,min_recall,0.04126984126984127,0.06871384387909003,0.0,0.0633177868300456,0
abalone_19,Sgate-75,RF,rare_recall,0.04126984126984127,0.06871384387909003,0.0,0.0633177868300456,0
